,Amount_of_training_data,Training Accuracy,Test Accuracy
0,10%,92.66666666666666,81.85185185185185
1,20%,95.66666666666666,94.08333333333334
2,30%,96.88888888888889,95.80952380952382
3,40%,96.83333333333334,96.66666666666666
4,50%,96.39999999999999,92.66666666666666
5,60%,97.44444444444443,97.00000000000001
